experiment,mean avg p,avg p SD,runs,gens,neighbourhood,N,ROC,EPR
0,0.3722489936235807,0.10852763824244634,1000,10000,VN,900,0.2,3
1,0.4286352277051013,0.0721676446538949,1000,10000,VN,900,0.2,4
2,0.45663446028289906,0.036504322580154736,1000,10000,VN,900,0.2,5
3,0.4740057067272782,0.012915173041722926,1000,10000,VN,900,0.2,6
4,0.47428303196398885,0.013284802121105617,1000,10000,VN,900,0.2,7
5,0.4729323488411001,0.013089635224364776,1000,10000,VN,900,0.2,8