experiment,mean avg p,avg p SD,runs,gens,neighbourhood,N,ROC,EPR
0,0.43803380567590366,0.0,1,10000,VN,900,0.2,5
1,0.4097714096870341,0.0,1,10000,VN,900,0.15000000000000002,5
2,0.4179917789911849,0.0,1,10000,VN,900,0.10000000000000002,5
3,0.031050682362605043,0.0,1,10000,VN,900,0.05000000000000002,5
4,0.0022285673932749273,0.0,1,10000,VN,900,1.3877787807814457E-17,5
5,8.589700200507533E-4,0.0,1,10000,VN,900,-0.04999999999999999,5