experiment,mean avg p,avg p SD,runs=2,gens=10000,neighbourhood=VN,N=900,ROC=0.2,EPR=5
0,0.4675672103720152,0.017280096931438088
1,0.4439758680914214,0.017901441993351835
2,0.4660343686265366,0.011882000393355963
3,0.4507470937581171,0.022432725980404578
4,0.4356476993528343,0.006421352549460024
5,0.44389472033744515,0.003681357123662743