experiment,mean avg p,avg p SD,runs,gens,neighbourhood,N,ROC,EPR
0,0.03370394323027759,0.025081045291924457,5,10000,VN,900,0.2,1